"part_num","run","perc"
"22","1",66.6023166023166
"22","2",71.2355212355212
"22","3",65.6370656370656
"84","2",63.1274131274131
"92","2",63.4989200863931
"92","3",68.9189189189189
"139","1",60.8108108108108
"139","2",64.0926640926641
"140","1",64.8648648648649
"140","2",72.5868725868726
"140","3",69.1119691119691
